description,imgUrl,clusters
kksb rock pi case radxa rock pi enclosure,https://m.media-amazon.com/images/I/71NCOx7xv3L._AC_UL320_.jpg,5
shaver charger finishing touch flawless body rechargeable lady shaver power cord  replacement charger usb woman trimmer charging cable,https://m.media-amazon.com/images/I/51Y0lckPooS._AC_UL320_.jpg,0
 flap disc      grit flap sanding disc  grinding wheel abrasive grinding disc standard  angle grinder,https://m.media-amazon.com/images/I/71tBM+nCPVL._AC_UL320_.jpg,7
eurow microfiber ultrasonic cut cleaning drying towel  gsm   inch  pack,https://m.media-amazon.com/images/I/91-MtgS6TFL._AC_UL320_.jpg,4
harper bright design full size bed frame kid wood full bed house shaped headboard footboard bench full size platform bed girl boy box spring needed white,https://m.media-amazon.com/images/I/815MeBHDcIL._AC_UL320_.jpg,3
hide drink waxed canvas large wrench tool roll  pocket portable pouch storage craftsman handmade,https://m.media-amazon.com/images/I/51arpK7lZgL._AC_UL320_.jpg,5
nickelodeon paw patrol born brave folding potty seat travel potty training seat,https://m.media-amazon.com/images/I/71x1vd0kVaL._AC_UL320_.jpg,5
shapewear woman tummy control panty high waist body shaper thigh slimmer short,https://m.media-amazon.com/images/I/6170tRQfiDL._AC_UL320_.jpg,3
shoofly horse leggins patented loose fitting fly boot prevent fly bite reduce stomping stress fatigue breathable plastic mesh blue yearling,https://m.media-amazon.com/images/I/61d+uMqc6NL._AC_UL320_.jpg,5
butyl tape waterproof aluminum butyl rubber tape  x   outdoor hatch cover flashing permanent waterproof leak proof repair tape pipe metal rv awning roof leak window seal boat,https://m.media-amazon.com/images/I/61+DZ9Sh1xL._AC_UL320_.jpg,4
naoedeah automatic water level control float valve water tank pool water leveler auto fill controller farm stock tank   upper   side water intake narrow edge clamp,https://m.media-amazon.com/images/I/713URclHpCL._AC_UL320_.jpg,2
netgear nighthawk  smart wi fi router   tri band wireless speed  mbps  sq ft coverage  device   ethernet  usb port,https://m.media-amazon.com/images/I/51nVMwPmWBL._AC_UL320_.jpg,0
jumperlay bottle cleaning brush set  pack nipple brush  pack straw cleaner brush hidden mini brush gray,https://m.media-amazon.com/images/I/61SrtDVaFqL._AC_UL320_.jpg,2
dr brown girl  pack  oz bottle   oz lavender   oz pink natural flow,https://m.media-amazon.com/images/I/71iwfKg1v5L._AC_UL320_.jpg,3
trimaco  easy mask tape drape pre tape masking film  day blue perfectedge tape   ,https://m.media-amazon.com/images/I/818VuloR7UL._AC_UL320_.jpg,5
kid girl element pattern summer dress causal outfit,https://m.media-amazon.com/images/I/81HdG+EsBgL._MCnd_AC_UL320_.jpg,3
 pack waterproof airtag bracelet kid hidden silicone wristband airtag gps tracker case air tag holder strap watch band child toddler secure anti loss protection pink purple,https://m.media-amazon.com/images/I/61zGrgr4U5L._AC_UL320_.jpg,1
artcreativity light metal yoyos kid set  classic yo yo toy flashing led light birthday party favor goodie bag filler holiday stocking stuffer classroom prize,https://m.media-amazon.com/images/I/71C+Wg7c0KL._AC_UL320_.jpg,4
white black mixed cardstock paper  sheet card stock thick paper  lb  gsm paper    inch heavy weight cover stock craft art craft diy invitation card making printing,https://m.media-amazon.com/images/I/81FaRhBAr0L._AC_UL320_.jpg,3
leools led light bulb   dimmable flick free matt white  soft white     equivalent vintage led edison globe light bulb  standard base  pack,https://m.media-amazon.com/images/I/51IzZ4zkvkL._AC_UL320_.jpg,4
amd ryzen   processor radeon rx vega  graphic ,https://m.media-amazon.com/images/I/61LtQsThBZL._AC_UL320_.jpg,5
pandapanda  pc brown gable box     food gift party favor  oz treat box goodie gift box,https://m.media-amazon.com/images/I/41B8mTpApbL._AC_UL320_.jpg,1
 piece baby waterproof diaper changing pad washable reusable breathable baby changing mat large soft   old year boy girl     inch,https://m.media-amazon.com/images/I/612y6EpT6VL._AC_UL320_.jpg,6
girl little scalloped edge satin ripple sock  pr,https://m.media-amazon.com/images/I/81YacJnMuaL._AC_UL320_.jpg,3
gift  year old girl  year old girl gift idea gift  year old girl  year old girl gift best birthday gift  year old girl  birthday gift girl blanket  ,https://m.media-amazon.com/images/I/91sGhMSbAXL._AC_UL320_.jpg,5
 piece dark green leaf print car steering wheel cover center console armrest cushion headrest seat belt cover handbrake cover keychain coaster full set car suv,https://m.media-amazon.com/images/I/81UiLp5YwBL._AC_UL320_.jpg,7
safari ltd incredible creature american bullfrog,https://m.media-amazon.com/images/I/51BtMuIensL._AC_UL320_.jpg,5
  titanium nose ring hoop hypoallergenic conch piercing jewelry    hinged segment cz paved clicker ring septum cartilage daith helix rook tragus ear lobe earring woman men   ,https://m.media-amazon.com/images/I/71j+3bmIf5L._AC_UL320_.jpg,6
prothane   bl ball joint boot black,https://m.media-amazon.com/images/I/61lCs4ZL+tL._AC_UL320_.jpg,3
 blue black birthday banner party decoration  year old happy birthday hanging swirl honeycomb centerpiece boy girl cheer  year bday party decor supply,https://m.media-amazon.com/images/I/91jElT1BBjL._AC_UL320_.jpg,5
drp  davinci jr plafilament neon gr,https://m.media-amazon.com/images/I/41tIs3xkrwL._AC_UL320_.jpg,5
tomtoc travel backpack  tsa friendly flight approved carry luggage hand backpack water resistant lightweight business rucksack durable large weekender bag daypack fit   inch laptop,https://m.media-amazon.com/images/I/71kU-RMgiML._AC_UL320_.jpg,3
shaggy velma pajama shirt pajama short set,https://m.media-amazon.com/images/I/810kDb4RgGL._AC_UL320_.jpg,2
canvas shoe woman men high top lace sneaker canvas fashion sneaker classic casual walking shoe comfortable breathable,https://m.media-amazon.com/images/I/51z5lrljEyL._AC_UL320_.jpg,1
woman ba   baby rose gold analog digital watch white resin band,https://m.media-amazon.com/images/I/71lq-zQVK+L._AC_UL320_.jpg,1
cable matter  pack gold plated coaxial type coupler  type coaxial  coupler,https://m.media-amazon.com/images/I/81S72ItQ8PL._AC_UL320_.jpg,4
greenlee   ¼ inch    inch pilot drill used size   inch diameter    inch diameter hole cutter,https://m.media-amazon.com/images/I/61xkF9NxCwL._AC_UL320_.jpg,5
atrafen elite professional strength diet aid support weight management promotes energy help suppress food craving appetite dietary supplement  pill,https://m.media-amazon.com/images/I/61Bq62n0JFL._AC_UL320_.jpg,5
monster jam  spin master   diecast monster truck wristband elementals truck fire dragon,https://m.media-amazon.com/images/I/81rkdDp+r3L._AC_UL320_.jpg,5
purelywhite deluxe  pack teeth whitening gel pen refill sensitive teeth whitener great sensitive tooth whitening carbamide peroxide teeth whitening gel whiter teeth  minute,https://m.media-amazon.com/images/I/61VUYUhjIFL._AC_UL320_.jpg,4
j weld  wood restore repair putty ,https://m.media-amazon.com/images/I/71hW7MRHlOL._AC_UL320_.jpg,5
spiropure sp   stage rv water filter replacement cartridge set sediment carbon   micron ultrafiltration hard water chlorine chloramine lead heavy metal pfoa pfas,https://m.media-amazon.com/images/I/816aF3xsuBL._AC_UL320_.jpg,2
philip  duramax  watt  indoor flood light bulb incandescent  ,https://m.media-amazon.com/images/I/718biLuQxSL._AC_UL320_.jpg,4
magic gathering modern horizon  set booster box  pack  magic card,https://m.media-amazon.com/images/I/71TreqmOiHS._AC_UL320_.jpg,2
joywayus   hose barb tee  way union fitting intersection split brass water fuel air,https://m.media-amazon.com/images/I/51xNYEZIGLL._AC_UL320_.jpg,5
maz distribution people decal sticker car truck van suv window wall cup laptop personalized decoration decal highlight white     inch maz ,https://m.media-amazon.com/images/I/81-pO7VH8BL._AC_UL320_.jpg,4
men invisible height increasing elevator shoe sneaker lifting shoe taller hidden heel trainer,https://m.media-amazon.com/images/I/716rOZFMmfL._AC_UL320_.jpg,1
halloween pumpkin house building set  pc halloween decor pumpkin cabin building block toy mini brick halloween party décor gift kid boy girl          year old,https://m.media-amazon.com/images/I/61F8iC9cLTL._AC_UL320_.jpg,5
lovstorage large cat toy box cat toy storage basket  thicker foldable sturdy pet toy storage bin bed organizing pet toy treat clothes accessory grey,https://m.media-amazon.com/images/I/71hSCRiusmL._AC_UL320_.jpg,5
men talto sneaker,https://m.media-amazon.com/images/I/613SS1vzyaL._AC_UL320_.jpg,1
  amp single pole type qp circuit breaker,https://m.media-amazon.com/images/I/51xJd0vF4oL._AC_UL320_.jpg,5
hicorfe bathroom hair dryer holder hair care tool holder wall mount black,https://m.media-amazon.com/images/I/61K7C3dsuPL._AC_UL320_.jpg,3
charger amazfit gts  gts  mini gts  gtr  gtr  gts  mini rex pro bip  bip zepp z watch charger   usb magnetic wireless charging cable cord amazfit watch,https://m.media-amazon.com/images/I/61F4+Hb0SfL._AC_UL320_.jpg,1
charles hubert paris  mechanical pocket watch,https://m.media-amazon.com/images/I/81NkLutW4aL._AC_UL320_.jpg,1
  white drill brush attachment cleaning carpet leather upholstery kit,https://m.media-amazon.com/images/I/51eYpt0Q1DL._AC_UL320_.jpg,2
exceart heel cup insole half height increase insole invisible silicone shoe lift heel pad   men woman size  ,https://m.media-amazon.com/images/I/51csv7jR4pL._AC_UL320_.jpg,1
david angie laser angel wing fabric embossed  pc iridescent wing patch diy craft hair accessory assorted  pc,https://m.media-amazon.com/images/I/61BPmf-DTJL._AC_UL320_.jpg,2
az industry ceramic block domino magnet  pack        rectangular magnet,https://m.media-amazon.com/images/I/414akwLrm7L._AC_UL320_.jpg,4
lasuney wireless earbuds  playtime bluetooth headphone mics charging case iphone android waterproof running headphone gym workout fi sound ear bud earhooks green,https://m.media-amazon.com/images/I/618UlgOQWGL._AC_UL320_.jpg,0
ten unit pad patch replacement reusable   set stick pad fda  cleared,https://m.media-amazon.com/images/I/41-QHRlpYaL._AC_UL320_.jpg,2
halloween gorilla mask novelty monkey orangutan chimp mak costume cosplay latex animal mask hair dress halloween party black,https://m.media-amazon.com/images/I/61cbgAqq5PL._AC_UL320_.jpg,5
decowall dlt  modern pastel tone world map kid wall sticker wall decal peel stick removable wall sticker kid nursery bedroom living room xlarge cor,https://m.media-amazon.com/images/I/613Hd-jVomL._AC_UL320_.jpg,5
lego part piece dark gray dark stone grey  stud   inch   inch plate ,https://m.media-amazon.com/images/I/91ovJQmN2SL._AC_UL320_.jpg,2
nerf pro gelfire refill  gelfire round use gelfire blaster outdoor game age ,https://m.media-amazon.com/images/I/81Fybxqif1L._AC_UL320_.jpg,4
wisamic engine air filter replace toyota avalon  camry  sienna highlander gas non hybrid  lexus  replace  provides  month   mile filter protection,https://m.media-amazon.com/images/I/71oihJmUjFL._AC_UL320_.jpg,2
white   woven stay tape    yard sewkeyse extremely fine fusible tape sold  yard roll sst   ,https://m.media-amazon.com/images/I/41drIDRrIIL._AC_UL320_.jpg,4
farm animal balloon cow pig balloon farm animal theme  birthday party decor supply walking animal balloon duck rooster large number  balloon one letter banner balloon  pc,https://m.media-amazon.com/images/I/813zih5TaCL._AC_UL320_.jpg,5
undercover bra stash soft neoprene water resistant woman travel wallet easy access clip hidey go black,https://m.media-amazon.com/images/I/81-uWK9COpL._AC_UL320_.jpg,3
 pair  piece double sided alphabet flash card lowercase uppercase letter measure    ,https://m.media-amazon.com/images/I/81IGil54d2L._AC_UL320_.jpg,5
upgraded oculus quest  head strap  battery pack replacement adjustable head strap oculus quest  enhanced support comfort include  isolation mask  head pad,https://m.media-amazon.com/images/I/61Ha2L+jJHL._AC_UY218_.jpg,2
ghostbusters baseball hat ghost logo embroidered adjustable baseball cap snapback hat black,https://m.media-amazon.com/images/I/711XldR+sEL._AC_UL320_.jpg,3
uv sterilizer aquarium  uv light pond aquarium clean light fish tank waterproof submersible uv light timer ,https://m.media-amazon.com/images/I/81eIMhdnLNL._AC_UL320_.jpg,4
woman wide leg casual pant high waisted adjustable tie knot business work trouser pocket,https://m.media-amazon.com/images/I/51oGEPWeYIL._AC_UL320_.jpg,3
festool  mpa  wh   polishing compound,https://m.media-amazon.com/images/I/61pb466qIcL._AC_UL320_.jpg,5
let make stacking rainbow toy  silicone rainbow stacker mini baby building block puzzle stacking toy toddler boy girl,https://m.media-amazon.com/images/I/513MK+Ub8MS._AC_UL320_.jpg,5
cool cat echo bx big kid,https://m.media-amazon.com/images/I/51yN2AFFyHL._AC_UL320_.jpg,5
walker tray table mobility table tray walker non slip walker tray mat walker accessory mat cup holder walker   gray,https://m.media-amazon.com/images/I/71WPIYHAjXL._AC_UL320_.jpg,2
luxury automatic mechanical watch men carbon fiber bezel japanese movement sapphire glass  waterproof men watch square wrist watch silicone band luminous gift men,https://m.media-amazon.com/images/I/71wZi6BjvlL._AC_UL320_.jpg,1
monster truck party favor serve  including drinking straw mini pull car keychains gift bag diy sticker temporary tattoo monster truck party supply kid boy birthday school pirze,https://m.media-amazon.com/images/I/81yKWX2uekL._AC_UL320_.jpg,3
clic blue light blocking magnetic reading glass adjustable temple computer reader original,https://m.media-amazon.com/images/I/61b4PiG5ghL._AC_UL320_.jpg,4
woodland themed please look touch baby car seat sign stroller tag cpsia safety tested,https://m.media-amazon.com/images/I/71olLAxMXdL._AC_UL320_.jpg,6
sticker skin oculus quest  vr headset controller sticker protective decal accessory pattern pattern ,https://m.media-amazon.com/images/I/5177aFfvT8L._AC_UY218_.jpg,2
ementol    drive deep impact socket set metric  point cr  piece   inch dr deep socket set  mm  mm,https://m.media-amazon.com/images/I/81th0feG-3L._AC_UL320_.jpg,2
eastern star inspired gift oes charm crescent moon pendant necklace oes sorority jewelry sorority graduate,https://m.media-amazon.com/images/I/71Xr44TnWjL._AC_UL320_.jpg,1
gatichetta heat transfer vinyl roll khaki green iron htv   smooth pu htv shirt fabris diy design,https://m.media-amazon.com/images/I/51s7dIwZoDL._AC_UL320_.jpg,5
 piece   inch tape measure keychains functional mini tape measure stable slide lock birthday party favor goody bag filler prize,https://m.media-amazon.com/images/I/71k1Poj0EyL._AC_UL320_.jpg,3
sleeping dog playstation ,https://m.media-amazon.com/images/I/91oSNUBZPiL._AC_UY218_.jpg,5
fullcom new   inch screen compatible         replacement screen ip,https://m.media-amazon.com/images/I/51LTy67eJHL._AC_UL320_.jpg,2
family faceoff fun active game meant get moving holderness family best play family rainy day,https://m.media-amazon.com/images/I/81KSL+AJQfL._AC_UL320_.jpg,5
replacement part accessory irobot roomba            plus    e series vacuum cleaner  set rubber brush  hepa filter  side brush,https://m.media-amazon.com/images/I/81ofTCfcCqL._AC_UL320_.jpg,2
amazon basic deluxe microfiber striped sheet set spa blue  piece queen,https://m.media-amazon.com/images/I/81Adn5S+bSL._AC_UL320_.jpg,2
fun world cheeseburger child costume,https://m.media-amazon.com/images/I/71bSZmI4KmL._AC_UL320_.jpg,5
fintie shockproof case samsung galaxy tab   previous model  tuatara rugged unibody hybrid full protective cover tab   sm    fit   version black,https://m.media-amazon.com/images/I/81-xj7Uy0CL._AC_UL320_.jpg,3
l oreal paris elvive dream length restoring shampoo fine castor oil vitamin   long damaged hair visibly repair damage without weighdown system   fl oz,https://m.media-amazon.com/images/I/51Be9C6cvTS._AC_UL320_.jpg,5
crayola cra   classic non washable marker broad line  color set,https://m.media-amazon.com/images/I/81maTzj9qZS._AC_UL320_.jpg,2
gothic black raven black crow dangle earring,https://m.media-amazon.com/images/I/717QKOIqpNL._AC_UL320_.jpg,3
forest essential silken dusting powder nargis ,https://m.media-amazon.com/images/I/61z0mJTnBlL._AC_UL320_.jpg,5
 pc magic kaleidoscope classic world kaleidoscope stretchable long kaleidoscope toy boy girl gift student child toy,https://m.media-amazon.com/images/I/81uqAvMFdxL._AC_UL320_.jpg,5
alink ribbed glassware drinking glass straw set  vintage fluted glassware iced coffee cup origami style ridged glass tumbler coocktail whiskey beer water  brush,https://m.media-amazon.com/images/I/717trgYPPAL._AC_UL320_.jpg,2
silicone retainer case portable brace case vent hole slim portable orthodontic dental retainer box woman men kid travel suitable aligner denture mouth guard pink,https://m.media-amazon.com/images/I/610IEBfl2NL._AC_UL320_.jpg,1
lenovo  chromebook   thin light laptop computer mediatek mtk     ram  emmc   wifi bluetooth   usb   hdmi chrome o,https://m.media-amazon.com/images/I/81hghPQ6ffL._AC_UL320_.jpg,0
woman mosey chukka mid height upcylced ankle boot,https://m.media-amazon.com/images/I/61zSMiUeVlL._AC_UL320_.jpg,3
outdoor adhesive light clip clear string light hook heavy duty ,https://m.media-amazon.com/images/I/61ZC4Q7d8cL._AC_UL320_.jpg,4
front right side  gearbox motor torex utv  front wheel huffy kid ride car,https://m.media-amazon.com/images/I/61Fv6HQTfOS._AC_UL320_.jpg,2
gg grand general  amber  led peterbilt headlight turn signal sealed light  wire front park turn function clear lens amber clear,https://m.media-amazon.com/images/I/617M1Az5yBL._AC_UL320_.jpg,4
macally bluetooth number pad laptop slim aluminum design rechargeable wireless numeric keypad  key numpad keyboard data entry macbook pro air ipad iphone io pc android,https://m.media-amazon.com/images/I/81shUkPq6rL._AC_UL320_.jpg,0
woman cute mini leather backpack convertible shoulder bag casual teen girl holiday small rucksack black,https://m.media-amazon.com/images/I/718pjzzKI0L._AC_UL320_.jpg,3
yazzii knitting bag tote yarn storage organizer yarn knitting project tote bag store yarn knitting needle crochet knitting accessory green,https://m.media-amazon.com/images/I/61TvdD-OydL._AC_UL320_.jpg,3
woman sexy long sleeve ruched button front mini shirt dress,https://m.media-amazon.com/images/I/51Uowrf4GaL._MCnd_AC_UL320_.jpg,3
twin size air mattress built pump raised single inflatable bed blow mattressith camping airbed  inch tall,https://m.media-amazon.com/images/I/71Xhu8FWBOL._AC_UL320_.jpg,5
healifty  overall buckle retro suspender buckle overall clip replacement trouser cotton jacket jean white,https://m.media-amazon.com/images/I/71KlGv4e7GL._AC_UL320_.jpg,2
mini clip microlight shiny silver,https://m.media-amazon.com/images/I/61WKLWDVzwL._AC_UL320_.jpg,3
faucet extender faucet sprayer attachment movable sink sprayer attachment faucet  rotatable kitchen faucet head anti splash tap booster shower water saving faucet kitchen,https://m.media-amazon.com/images/I/51bY6XV3dOL._AC_UL320_.jpg,2
uxcell   angular contact ball bearing  sealed bearing   ,https://m.media-amazon.com/images/I/51rhKKi9FJL._AC_UL320_.jpg,5
boy blanc casual double buckle  strap slide sandal kid,https://m.media-amazon.com/images/I/61NyveOZx+L._AC_UL320_.jpg,3
bnosdm wooden hamster hideout house detachable guinea pig hideout rainbow bridge two layer hamster playground exercise toy dwarf mouse rat gerbil chinchilla pink,https://m.media-amazon.com/images/I/61adJf34muL._AC_UL320_.jpg,5
ico shadow colossus collection renewed,https://m.media-amazon.com/images/I/9104PU3IKKL._AC_UY218_.jpg,5
cherry hair claw clip thin hair shell hair clip woman  pc french style hair clip jaw clip moon hair clip cherry decoration,https://m.media-amazon.com/images/I/611Te1dmwBL._AC_UL320_.jpg,3
  front rear wheel bearing greaser greasing tool kit polaris ranger     sportsman    rzr    ,https://m.media-amazon.com/images/I/71dngaI--YL._AC_UL320_.jpg,7
baby girl strawberry polka dot romper  month,https://m.media-amazon.com/images/I/81LW8GFC56L._AC_UL320_.jpg,6
 oz straight sublimation tumbler blank set  pack stainless steel skinny tumbler sublimation shrink wrap insulated skinny slim water tumbler diy white,https://m.media-amazon.com/images/I/61TwDDREYWL._AC_UL320_.jpg,2
car vacuum high suction power  pa brushless motor   handheld vacuum cleaner mini vacuum car cordless rechargeable portable vacuum men woman vehicle home keyboard,https://m.media-amazon.com/images/I/61LoC3glhhL._AC_UL320_.jpg,2
baby girl,https://m.media-amazon.com/images/I/51YeCMAAYQL._AC_UL320_.jpg,6
penn plax cascade  fully submersible internal filter provides physical biological filtration freshwater aquarium nano tank turtle tank terrarium,https://m.media-amazon.com/images/I/71vHevV3b7L._AC_UL320_.jpg,2
red heart super saver yarn  pumpkin  oz  ,https://m.media-amazon.com/images/I/61uGlGcgwoL._AC_UL320_.jpg,5
spork  pack   stainless steel spork   long handle dessert spoon ice cream spoon salad fork flatware set reusable fruit appetizer dessert fork household use camping,https://m.media-amazon.com/images/I/61FNfPts7qL._AC_UL320_.jpg,2
yellow dog design tartan blue black grosgrain ribbon collar size medium   wide fit neck  ,https://m.media-amazon.com/images/I/61bBdWD7OlL._AC_UL320_.jpg,3
fingerprint padlock aicase ultra light one touch open fingerprint lock usb charging gym sport school employee locker fence suitcase bike app bluetooth trouble,https://m.media-amazon.com/images/I/51OFr2YECKL._AC_UL320_.jpg,0
play color dough set kid age   play kitchen ice cream maker machine playdough playset art craft play food toy girl boy toddler   can modeling compound  oz can multicolor,https://m.media-amazon.com/images/I/713Ph8OTnXL._AC_UL320_.jpg,5
firm joint outside caliper   inch  stainless steel firm friction joint external measurement tool,https://m.media-amazon.com/images/I/41Q6vrIXTfL._AC_UL320_.jpg,5
usb type charger cable moto motorola power stylus pure     plus play one    samsung            car charger wall adapter fast charging cord,https://m.media-amazon.com/images/I/71svfmKHKZL._AC_UL320_.jpg,0
car steering wheel lock lootaan anti theft device car universal car steering wheel lock adjustable vehicle anti theft lock  key safety hammer function orange,https://m.media-amazon.com/images/I/71VeCOfut2L._AC_UL320_.jpg,0
brother hl   high yield toner cartridge set color   yield,https://m.media-amazon.com/images/I/61vXNbTVW3L._AC_UL320_.jpg,2
 pc aluminum crochet hook set crochet needle set knitting knit needle weave yarn set,https://m.media-amazon.com/images/I/61VMCBQ97XL._AC_UL320_.jpg,2
rolybag sanding band nail drill  grit nail sanding band storage box include  superfine grinding wheel sand band  piece mandrel size   nail drill machine,https://m.media-amazon.com/images/I/71TDtuB57iS._AC_UL320_.jpg,7
inverter plasma cutter machine  pilot arc air power plasma cutting machine   dual voltage etl approved,https://m.media-amazon.com/images/I/61PmBJLGJWL._AC_UL320_.jpg,5
sequin velvet fabric yard stretch bling fabric sewing glitter fabric tablecloth sparkly fabric dress table runner photo prop backdrop black  yard,https://m.media-amazon.com/images/I/61ujxxjY0GL._AC_UL320_.jpg,3
link wireless ac  dual band  g ac router dir ,https://m.media-amazon.com/images/I/612bmUO0mGL._AC_UL320_.jpg,1
boy winter wool sock kid cartoon warm sock thick thermal sock boy  pack,https://m.media-amazon.com/images/I/81olfYwp03L._AC_UL320_.jpg,4
kitchenaid purpose shear protective sheath one size black,https://m.media-amazon.com/images/I/51Byq+vTy1L._AC_UL320_.jpg,0
 piece rhinestone evening clutch bag sparkly purse bride wedding jewelry handbag set woman party prom,https://m.media-amazon.com/images/I/71UPTcEqVyL._AC_UL320_.jpg,3
front windshield sun shade foldable sunshade protector custom fit       nissan kick sv sr crossover accessory  upgrade,https://m.media-amazon.com/images/I/611QrKQyQqL._AC_UL320_.jpg,2
shirt alignment guide tool shirt ruler reusable adult youth making collar center design round neck,https://m.media-amazon.com/images/I/61l69t-LPkS._AC_UL320_.jpg,5
airpods pro  generation case cover soft silicone shock absorbing protective case keychain new apple airpods pro  case  front led visible black,https://m.media-amazon.com/images/I/61YDA4n3DZL._AC_UL320_.jpg,4
wagner brake quickstop  ceramic disc brake pad set,https://m.media-amazon.com/images/I/61W7Ws+6XLL._AC_UL320_.jpg,7
baby little girl oversize quilted vest lilac  ,https://m.media-amazon.com/images/I/61xE1WeGxSL._AC_UL320_.jpg,6
baby girl boy clothes outfit long sleeve flower hoodie top pant outfit fall outfit winter clothes set,https://m.media-amazon.com/images/I/7174IJizXRL._AC_UL320_.jpg,6
alejandro  men memory foam casual high western buckle strap ankle dress boot,https://m.media-amazon.com/images/I/71iZe3F1wJL._AC_UL320_.jpg,1
uni digital multimeter  true rms  count  ac dc ncv measure voltage current resistance capacitance frequency duty cycle test diode transistor,https://m.media-amazon.com/images/I/71UbikUL+oL._AC_UL320_.jpg,5
ibasenice waist stool strap baby strap carrier baby backpack carrier easy baby carrier ergonomic infant carrier baby hip carrier hip baby sling baby carrier newborn toddler toddler gift,https://m.media-amazon.com/images/I/61coR29vYCL._AC_UL320_.jpg,6
 glove clip work glove holder clip work safety clip construction guard labor glove grabber glove keeper belt glass helmet hanger clamp catcher  black  orange,https://m.media-amazon.com/images/I/71YoZhHi-SL._AC_UL320_.jpg,1
paula choice resist intensive repair cream retinol hyaluronic acid jojoba concentrated anti aging moisturizer dry chapped skin   ounce,https://m.media-amazon.com/images/I/61YZ2anHDzL._AC_UL320_.jpg,5
hallmark  medium gift bag assortment pack  kraft grey black pink blue solid pattern birthday baby shower bridal shower occasion,https://m.media-amazon.com/images/I/81Fxxxx5n-L._AC_UL320_.jpg,6
mac false lash maximizer white,https://m.media-amazon.com/images/I/41Gr6bAbvjL._AC_UL320_.jpg,4
 piece mini clear plastic storage container box hinged lid       inch empty hinged box bead small item craft jewelry hardware flossers fishing,https://m.media-amazon.com/images/I/71BlIwbU64S._AC_UL320_.jpg,3
gift set nipple nurture butter  oz tummy honey butter  oz pregnancy gift,https://m.media-amazon.com/images/I/71VsL+pNxHL._AC_UL320_.jpg,1
girl skirt outfit long sleeve knitted shirt sweater tshirt top mini skirt design cute clothes  piece set,https://m.media-amazon.com/images/I/61Bevix+CJL._AC_UL320_.jpg,3
 pack oversized beach towel set extra large big xl pool camping swim clearance towel  soft blanket cruise essential accessory must have vacation necessity adult gift stripe boho blue,https://m.media-amazon.com/images/I/81JsVb4w+hL._AC_UL320_.jpg,2
car trunk organizer collapsible waterproof premium oxford cargo storage multi compartment foldable trunk grocery organizer auto accessory universal suv truck sedan,https://m.media-amazon.com/images/I/51ns+Cv4v8L._AC_UL320_.jpg,2
motorcycle seat gel pad shock absorption mat reduce fatigue comfortable soft cooling fabric cushion blue cool diy saddle   ,https://m.media-amazon.com/images/I/41ysV8UhaFL._AC_UL320_.jpg,5
penn plax add stone air pump accessory  inch  inch,https://m.media-amazon.com/images/I/61is40WoV7S._AC_UL320_.jpg,2
buffalo game marvel black panther king wakanda  piece jigsaw puzzle,https://m.media-amazon.com/images/I/81a6HRsbqoL._AC_UL320_.jpg,3
new york islander collection luncheon napkin blue,https://m.media-amazon.com/images/I/61a5l7eMqtL._AC_UL320_.jpg,5
aquarium gravel cleaner fish tank siphon water changer fish tank filter perfect filter gravel cleaning changing water tank manual siphon,https://m.media-amazon.com/images/I/61FOyZo89xL._AC_UL320_.jpg,2
woman shriver fashion boot,https://m.media-amazon.com/images/I/81M5QRdf3EL._AC_UL320_.jpg,3
cabilock greenhouse plastic poly repair tape heavy duty repair tape outdoor plastic patch clear adhesive tape white,https://m.media-amazon.com/images/I/514GQ-Ud9hL._AC_UL320_.jpg,4
maybelline new york cover stick corrector concealer ivory   oz,https://m.media-amazon.com/images/I/718b9ibKfzL._AC_UL320_.jpg,5
nail soaking bowl soak bowl gel polish remover manicure bowl acrylic nail cuticle peeler cuticle pusher nail file salon home nail art pink,https://m.media-amazon.com/images/I/71XjHzwYyRL._AC_UL320_.jpg,5
men chronograph quartz watch leather strap ,https://m.media-amazon.com/images/I/71TtRPjDA2L._AC_UL320_.jpg,1
 automotive car shampoo ph neutral formula extreme snow foam perfect ceramic coating fortified  super gloss shine compatible foam cannon pressure washer gun  oz,https://m.media-amazon.com/images/I/51MlYaK+8BL._AC_UL320_.jpg,5
 pack  outdoor led flood light bulb   watt equivalent  lumen dimmable waterproof   warm white led flood light bulb security led spotlight indoor led recessed light bulb,https://m.media-amazon.com/images/I/61lYYu7CRaL._AC_UL320_.jpg,4
sgin  inch tablet android  tablet  rom  ram tablet  battery dual core ip touch screen tableta wifi black,https://m.media-amazon.com/images/I/81AyzHkk3ZL._AC_UL320_.jpg,0
motion sensor strip light battery operated   color changing led strip light dimmable remote  rgb warm white light strip waterproof bedroom bathroom cabinet closet indoor,https://m.media-amazon.com/images/I/71Eq5xMGR9L._AC_UL320_.jpg,4
sunflower building toy set botanical collection building block set home office desk décor artificial flower vase creative gift birthday halloween christmas ,https://m.media-amazon.com/images/I/71EovMAY4xL._AC_UL320_.jpg,5
motong garmin forerunner  transparent tpu protective case tpu protective case cover shell garmin forerunner   tpu black,https://m.media-amazon.com/images/I/61yOc268+mL._AC_UL320_.jpg,3
extolife  pack washable reusable wet mopping pad irobot braava jet      ultimate robot mop,https://m.media-amazon.com/images/I/816Yg1Ze51L._AC_UL320_.jpg,2
 lady kick splash bowling shoe multi,https://m.media-amazon.com/images/I/41sCPd8p8WL._AC_UL320_.jpg,5
bingcute  type  bronze vintage large skeleton key vintage key charm skeleton key set,https://m.media-amazon.com/images/I/61smI8yjxcL._AC_UL320_.jpg,2
woman trixie leather tri fold slim wallet hold  card,https://m.media-amazon.com/images/I/71YcjWXQoGL._AC_UL320_.jpg,3
owl boho ethnic diaper bag backpack multifunction travel back pack large capacity bag,https://m.media-amazon.com/images/I/61lljt7e2FL._AC_UL320_.jpg,3
car seat gap filler leather car seat filler pad set universal fit organizer car suv truck fill gap seat console dropping black crevice crack plug drop stop blocker  pack,https://m.media-amazon.com/images/I/71bCGS-22tL._AC_UL320_.jpg,3
new et  projector air filter panasonic pt  pt  pt  pt  pt  pt  pt  pt  pt  pt  pt  ,https://m.media-amazon.com/images/I/71Br4x3MQyL._AC_UL320_.jpg,2
hihaha rear brass wheel spoke balance weight refill wrench durable metal  set gold tone motorcycle,https://m.media-amazon.com/images/I/71MObxpzQpL._AC_UL320_.jpg,7
electric spin scrubber vicmayun cordless cleaning brush  cordless bathroom scrubber shower cleaning brush  replaceable brush head detachable handle tub floor kitchen car,https://m.media-amazon.com/images/I/71VDM6QwMQL._AC_UL320_.jpg,2
planet pleasure bird tower piata bird toy small,https://m.media-amazon.com/images/I/8168SB04uiL._AC_UL320_.jpg,5
crack scented day use cream ,https://m.media-amazon.com/images/I/61d4SwuqinL._AC_UL320_.jpg,5
men water resistant softshell jacket,https://m.media-amazon.com/images/I/71P5J5OuGqL._AC_UL320_.jpg,1
ledy champswiin halloween newborn infant baby boy girl pumpkin romper jumpsuit halloween onesie fall clothes,https://m.media-amazon.com/images/I/61yKPoMXQ3L._AC_UL320_.jpg,6
audio replacement cable compatible hyperx cloud alpha cloud mix headphone cord remote volume contro compatible  xbox one controller ,https://m.media-amazon.com/images/I/61M0lDWiMJL._AC_UY218_.jpg,2
 pack reusable grocery shopping bag foldable shopping bag grocery tote attached pouch machine washable eco friendly,https://m.media-amazon.com/images/I/71nMhJP90jL._AC_UL320_.jpg,3
cerave  mineral sunscreen spf  body sunscreen zinc oxide titanium dioxide sensitive skin hyaluronic acid ceramides  oz,https://m.media-amazon.com/images/I/51LzqlTPanL._AC_UL320_.jpg,5
ceptics uk hong kong ireland uae travel plug adapter type  pack grounded universal gp   white standard,https://m.media-amazon.com/images/I/51Xz1lxxqzL._AC_UL320_.jpg,7
bamboo quilted thicker waterproof changing pad liner  count larger size  ,https://m.media-amazon.com/images/I/41vwDb1J3IL._AC_UL320_.jpg,1
men  split shot rectangular sunglass,https://m.media-amazon.com/images/I/51xxnwgufTL._AC_UL320_.jpg,1
little boo party decoration  little boo confetti table glitter blue black boy halloween little boo baby shower birthday party supply,https://m.media-amazon.com/images/I/81o+ca5-oOL._AC_UL320_.jpg,6
 pack skinny flower tie men slim men print floral cotton neck tie groom groomsman wedding costume accessory,https://m.media-amazon.com/images/I/71T5IYUEuRL._AC_UL320_.jpg,1
fancierstudio dg heat press pull lower platen   heat press  shirt press sublimation press  gbp,https://m.media-amazon.com/images/I/51VtPBDH3mL._AC_UL320_.jpg,5
christmas surprise gift box  new folding bouncing red envelope gift box unique merry christmas pop explosion gift box  bounce pop surprise xmas box creating surprising gift lover,https://m.media-amazon.com/images/I/61988XYNu4L._AC_UL320_.jpg,1
passenger right side mirror glass assembly plastic back plate non heated compatible   nissan altima,https://m.media-amazon.com/images/I/51ARBCCMrJL._AC_UL320_.jpg,2
 newest hp  inch premium laptop amd athlon silver    ghz beat     ram  ssd  hdd bluetooth webcam wifi type hdmi win  black,https://m.media-amazon.com/images/I/41QlfeufqeL._AC_UL320_.jpg,0
professional magnified human larynx joint simulation model medical anatomy type yr xc ,https://m.media-amazon.com/images/I/41DLF0nqj7S._AC_UL320_.jpg,5
men metric skate shoe,https://m.media-amazon.com/images/I/71oIXEffLzL._AC_UL320_.jpg,1
 pair pearl stud earring woman genuine freshwater cultured pearl earring set  white gold plated sterling silver stud earring wedding bridal earring,https://m.media-amazon.com/images/I/716mncwn4tL._AC_UL320_.jpg,3
baby stroller basket pram pushchair shopping storage case bottom hanging organizer bag mesh netting accessory organizer,https://m.media-amazon.com/images/I/61+AgFRSLuL._AC_UL320_.jpg,6
  pack ponytail beanie woman beanie winter hat ponytail hat tail stretch cable knit cap messy high bun hat,https://m.media-amazon.com/images/I/61VSbxGcahL._AC_UL320_.jpg,3
boho star necklace coin neck chain choker pendant necklace fashion jewelry woman girl,https://m.media-amazon.com/images/I/61yNcABHD5L._AC_UL320_.jpg,3
philip  voicetracer digital win version,https://m.media-amazon.com/images/I/81HuAT-XpfL._AC_UL320_.jpg,5
delta sigma theta large luggage cover,https://m.media-amazon.com/images/I/51rjrWYDM8L._AC_UL320_.jpg,5
professional laboratory research   compound trinocular microscope adult student storage bag metal eyepiece slide,https://m.media-amazon.com/images/I/51tFizpG7bL._AC_UL320_.jpg,3
fifa  ultimate xbox digital code,https://m.media-amazon.com/images/I/71aGg2Euq-L._AC_UY218_.jpg,5
multicolor aluminum crochet hook knitting needle crochet needlesfor yarn craft dress lace crocheted clothing decoration auxiliary knitting head   mm,https://m.media-amazon.com/images/I/31i71EvRWqL._AC_UL320_.jpg,5
asidrama  pack  inch  matte black kitchen cabinet handle cabinet pull kitchen cabinet hardware cupboard drawer handle dresser pull,https://m.media-amazon.com/images/I/513BbTVAHLL._AC_UL320_.jpg,3
 pc plastic bottle cap  mm empty juice bottle tamper seal lid container lid bottle cap craft diy      oz container black,https://m.media-amazon.com/images/I/81dtRHEF+JL._AC_UL320_.jpg,3
play girl reusable absorbent baby swim diaper violet rainbow  month,https://m.media-amazon.com/images/I/816OnDof-7L._AC_UL320_.jpg,6
big backpack work travel laptop adult unisex lunar scape one size,https://m.media-amazon.com/images/I/A1v0YEnoG3L._AC_UL320_.jpg,3
curad germ shield maximum barrier face mask earloops  count,https://m.media-amazon.com/images/I/81jRfYmaCtS._AC_UL320_.jpg,5
auriver folding knife stainless steel pocket knife retro emboss pattern pocket clip handle folding knife camping fishing favorite,https://m.media-amazon.com/images/I/61mXTTGY72L._AC_UL320_.jpg,5
kid pull pant,https://m.media-amazon.com/images/I/61M0n9H1gUL._AC_UL320_.jpg,5
case ipad   inch ipad    generation rotating stand smart magnetic auto wake sleep cover model         leopard,https://m.media-amazon.com/images/I/81xuc11J93L._AC_UL320_.jpg,5
hardwire kit     usb version dash cam type port parking monitoring low voltage protection,https://m.media-amazon.com/images/I/71vOgCv4MKL._AC_UL320_.jpg,0
lincoln electric   viking sweatband kit  pack,https://m.media-amazon.com/images/I/61v2gSOjFJL._AC_UL320_.jpg,4
yonhan  pin  pin adapter trailer light adapter  way flat truck  way blade reverse plug connector mounting bracket towing solution,https://m.media-amazon.com/images/I/612N1WxhYaL._AC_UL320_.jpg,4
kaely  black gel eyeliner pen set easy use matte waterproof eye liner pencil cat eye eyeliner stamp stencil tool eye black eyeshadow stick makeup maquillaje delineador de ojos contra el agua,https://m.media-amazon.com/images/I/51kCSiXtQlL._AC_UL320_.jpg,3
mold free infant bath toy  year old hole animal bathtub toy baby bath tub toy mold ocean,https://m.media-amazon.com/images/I/61y2nX7d6sL._AC_UL320_.jpg,5
ultrasonic jewelry cleaner  ultrasonic cleaning machine large capacity household ultrasonic cleaner  time setting stainless steel ultrasonic cleaner eyeglass watch jewelry denture,https://m.media-amazon.com/images/I/71eRHyv0ZeL._AC_UL320_.jpg,2
exquisite diamond rhombus band starlight apple watch band    fashion pretty cute shiny band woman elegant alluring metal bracelet iwatch series          se starlight,https://m.media-amazon.com/images/I/71CH-ezT8eL._AC_UL320_.jpg,1
upgraded version  mah   li ion electric toothbrush replacement battery compatible philip           pin circuit board,https://m.media-amazon.com/images/I/51tpuV0dcAL._AC_UL320_.jpg,2
mothman real decal vinyl bumper sticker ,https://m.media-amazon.com/images/I/516XjopJn2L._AC_UL320_.jpg,5
girl short set  piece tie dye french terry crop sweatshirt short  ,https://m.media-amazon.com/images/I/71aD1NH9K7L._AC_UL320_.jpg,3
play doh   pack color gift set bundle  can  oz,https://m.media-amazon.com/images/I/81mHUc+UXJL._AC_UL320_.jpg,1
disney junior minnie mouse mystery figure capsule  piece inside officially licensed kid toy age  play,https://m.media-amazon.com/images/I/81jwYAsVOIL._AC_UL320_.jpg,5
piggy bank toy       year old girl gift money saving box teen girl toy age     christmas birthday gift   year old girl stuff atm machine kid   pink,https://m.media-amazon.com/images/I/711VemlHw-L._AC_UL320_.jpg,5
     stainless wedge anchor    stainless steel,https://m.media-amazon.com/images/I/71mxI4VhFfL._AC_UL320_.jpg,5
saddle bag lid lifter saddlebag latch lever fit harley davidson touring street glide flhr flht flhx flhtk  ,https://m.media-amazon.com/images/I/61cmCLSvDHL._AC_UL320_.jpg,3
roku express hd streaming player,https://m.media-amazon.com/images/I/81Agjr65jGL._AC_UL320_.jpg,5
baby alive glo pixy doll gigi glimmer interactive   inch pixie doll toy kid   sound glow pretend feeding,https://m.media-amazon.com/images/I/81QPDuAVY0L._AC_UL320_.jpg,5
fasgear usb micro   cord  short nylon braided metal connector type   micro cable fast charging syncing compatible toshiba canvio westgate seagate galaxy  note  etc black,https://m.media-amazon.com/images/I/71prfPq0UHL._AC_UL320_.jpg,0
appliafit ring compatible pentek  select water filter housing also compatible culligan  american plumber  ring plus many,https://m.media-amazon.com/images/I/81LGSQyQPJL._AC_UL320_.jpg,2
ahlstrom filtration   borosilicate glass series  qualitative filter paper circle  cm diameter pack ,https://m.media-amazon.com/images/I/41aad9nTp7L._AC_UL320_.jpg,2
 oxygen tubing swivel connector oxygen tubing swivel oxygen tubing connector avoid tangling tube,https://m.media-amazon.com/images/I/610oy7G9DrL._AC_UL320_.jpg,5
set  small bamboo scattering urn tube gray velvet bag spreading human male female pet dog cat cremation ash,https://m.media-amazon.com/images/I/61Jnv6GjHWL._AC_UL320_.jpg,3
hobo shoulder bag messenger casual everyday large hippie market thick functional,https://m.media-amazon.com/images/I/81bj+tQsuyL._AC_UL320_.jpg,3
danichins girl tutu dress layered tulle sparkle dress girl,https://m.media-amazon.com/images/I/816YEtSEdBL._MCnd_AC_UL320_.jpg,3
elmer carpenter wood filler natural   ounce,https://m.media-amazon.com/images/I/51NNhXlq0xL._AC_UL320_.jpg,5
one day woman prenatal multivitamin gummies including vitamin c   folic acid  count supplement pregnancy,https://m.media-amazon.com/images/I/81lHL5NwRTL._AC_UL320_.jpg,0
tidy tot one bib tray kit unisex one size fit  month  year award winning weaning aid,https://m.media-amazon.com/images/I/71Wr4I0Y4bL._AC_UL320_.jpg,0
tk  shape single wire headset surveillance earpiece mic compatible kenwood walkie talkie tk  tk  baofeng two way radio,https://m.media-amazon.com/images/I/61VbPKUCb3L._AC_UL320_.jpg,5
 particulate filter    ea case grey  pack,https://m.media-amazon.com/images/I/71sRizl-7ML._AC_UL320_.jpg,2
girl  piece outfit short sleeve button shirt crop top wide leg pant jumpsuit set,https://m.media-amazon.com/images/I/61vAhNSuY4L._AC_UL320_.jpg,3
earring backing rubber earring back stud earring woman earring back fish hook earring  piece,https://m.media-amazon.com/images/I/51m+ee3kBKL._AC_UL320_.jpg,3
rabusofa fall pillow decorative throw pillow thanksgiving pillow cover  inch dark blue pumpkin cushion cover lumbar outdoor cushion cover fall decoration home couch sofa,https://m.media-amazon.com/images/I/61jDZycflAL._AC_UL320_.jpg,4
pallet rack safety bolt universal drop pin round top hat φ ¾     width φ     height     high top bottom beam locker  pack  pc pack  ,https://m.media-amazon.com/images/I/71EU4sQJQWL._AC_UL320_.jpg,0
marppy bath toy bathtub basketball hoop toddler kid boy girl  soft ball set strong suction cup bathtub shooting game fun toddler bath toy boy girl,https://m.media-amazon.com/images/I/71--kY8j72L._AC_UL320_.jpg,5
multifunctional tap water filter faucet water filter household kitchen faucet filter toilet kitchen faucet heater shower facility washing machine water filtration system,https://m.media-amazon.com/images/I/61LmhPPJWYL._AC_UL320_.jpg,2
 pc   extra large jumbo gift bag plastic present bag giant gift wrapping bag  cord tie  gift tag baby shower birthday christmas new year party supply birthday pattern,https://m.media-amazon.com/images/I/81zk0AJrxAL._AC_UL320_.jpg,3
c laurence  crl vienna hinge replacement gasket pack fin,https://m.media-amazon.com/images/I/21rNSQ0b3HL._AC_UL320_.jpg,2
 carburetor briggs stratton                  ,https://m.media-amazon.com/images/I/61rNfwJm0JL._AC_UL320_.jpg,5
baby carrier ring sling baby wrap carrier perfect baby shower baby sling carrier baby wrap carrier baby carrier baby wearing carrier ring sling baby carrier oat,https://m.media-amazon.com/images/I/81any+fw1sL._AC_UL320_.jpg,6
chivao  piece flower girl ring bearer proposal puzzle invitation wedding puzzle invitation flower girl unicorn ring bearer puzzle decor novel style,https://m.media-amazon.com/images/I/71nFSjjZxKL._AC_UL320_.jpg,6
advance pet product stainless steel feeding bowl  quart,https://m.media-amazon.com/images/I/71hdKkUISjL._AC_UL320_.jpg,5
galaxy replacement lens ray ban  justin brown gradient color polarized  ,https://m.media-amazon.com/images/I/517FQPtrc4L._AC_UL320_.jpg,2
rgb gaming mouse pad xxl  lighting mode mouse mat large anti slip rubber base waterproof pc gaming pad game work     inch,https://m.media-amazon.com/images/I/515BHtMjJFL._AC_UY218_.jpg,2
 dark brown solid chenille upholstery fabric yard,https://m.media-amazon.com/images/I/71Ay85xdOOL._AC_UL320_.jpg,5
ceramic hamster hideout hamster hideout cool hamster house hideout small animal pet house hamster hideout ceramic shape hamster house hamster chinchilla gerbil pink,https://m.media-amazon.com/images/I/518s2W7QIdL._AC_UL320_.jpg,3
 inch  foot plastic table cover roll disposable tablecloth slide cutter type shape table picnic party banquet birthday wedding red  foot,https://m.media-amazon.com/images/I/61jGyfX6bfL._AC_UL320_.jpg,5
 piece eyebrow tweezer men slanted precision tweezer stainless steel tweezer woman facial hair removal ingrown hair eyelash extension plucking blackhead black,https://m.media-amazon.com/images/I/81QK2IK+t2L._AC_UL320_.jpg,1
   ceramic quartz crucible dish cup melting gold silver copper whip tongs handle  jewelry refining casting pot,https://m.media-amazon.com/images/I/51W9Oo8c2uL._AC_UL320_.jpg,5
flyboy blue watch men military chronograph watch  tachymeter date window round dial men watch stainless case brown leather band gold finished water resistant watch,https://m.media-amazon.com/images/I/917SPLNrdxL._AC_UL320_.jpg,1
stroller snack tray keep organized multifunctional practical universal stroller tray versatile wide applicable  clip child belonging,https://m.media-amazon.com/images/I/51TnS9Yb8LL._AC_UL320_.jpg,5
colorful flower septum ring  gold septum jewelry butterfly daith earring woman dainty daith piercing jewelry stainless steel,https://m.media-amazon.com/images/I/711QnklGkFL._AC_UL320_.jpg,6
ear eye pet wipe dog cat   safe clean face infused aloe ph balanced cruelty free paraben free made usa unscented white  ,https://m.media-amazon.com/images/I/61pwLPirZqL._AC_UL320_.jpg,5
acropix  dia  clip wheel tyre center hub cap cover car black pack ,https://m.media-amazon.com/images/I/61isvkWjKxL._AC_UL320_.jpg,7
retro hinge    iron folding mini hinge screw door window diy project,https://m.media-amazon.com/images/I/61kaZH4Nx8L._AC_UL320_.jpg,3
  floor vent cover heavy duty floor register metal heat vent cover rust proof finish home floor heater white  pc,https://m.media-amazon.com/images/I/71vJ6ENwkdL._AC_UL320_.jpg,4
everich toy soccer ball size  soccer ball kid sport ball toddler backyard lawn sand outdoor toy boy girl including pump,https://m.media-amazon.com/images/I/611eEVFrvvL._AC_UL320_.jpg,5
sportswear men long sleeve graphic shirt large team crimson camo logo,https://m.media-amazon.com/images/I/61dgppJAHYL._AC_UL320_.jpg,1
soclean adapter resmed airsense  aircurve  series machine,https://m.media-amazon.com/images/I/61LQSR1jq0L._AC_UL320_.jpg,2
barska     monocular compound high powered microscope  rotating head transmitted illumination  hole diaphragm white,https://m.media-amazon.com/images/I/81LL0pj3bAL._AC_UL320_.jpg,5
g shock   men solar black resin sport watch,https://m.media-amazon.com/images/I/61D+2vMEKkL._AC_UL320_.jpg,1
homease solid white wallpaper   inch thick matte white contact paper decorative peel stick wallpaper shelf liner cabinet table door waterproof vinyl self adhesive film,https://m.media-amazon.com/images/I/71qHOIU+eCL._AC_UL320_.jpg,4
jomitop  led tube light  led light bulb  foot   equivalent single pin  base led shop light dual ended power cold white   clear cover ac    pack,https://m.media-amazon.com/images/I/71PzJbr8yaL._AC_UL320_.jpg,4
baby mirror car atorobros baby car camera rear facing seat   hd display upgrade  rearview mirror display bracket easy safe see baby driving,https://m.media-amazon.com/images/I/71H7N00y-WL._AC_UL320_.jpg,6
men rev ultraspring durashocks carbonmax vent mid industrial boot,https://m.media-amazon.com/images/I/71BwcrFy5GL._AC_UL320_.jpg,1
 plastic mesh fruit bag plastic bag mesh liner pack  count,https://m.media-amazon.com/images/I/61I0NfWgxyL._AC_UL320_.jpg,3
red wolf iso car radio stereo wiring harness connector plug compatible hyundai sonata accent elantra kia sedona soul   aftermarket stereo installation cd player infinity sound system,https://m.media-amazon.com/images/I/51p91-ge8lL._AC_UL320_.jpg,5
woman lightweight square neck puff sleeve top swiss dot dressy casual blouse,https://m.media-amazon.com/images/I/71mKV622MTL._AC_UL320_.jpg,3
telescope  newtonian reflector telescope adult  aperture professional telescope adult astronomy come  color filter set  barlow lens phone adapter wireless control,https://m.media-amazon.com/images/I/811Hd6SPDvL._AC_UL320_.jpg,2
aluminum profile slot cover flat seal  dust protection panel holder aluminum extrusion    printer accessory  printer black  meter,https://m.media-amazon.com/images/I/61Yxrn+YwiL._AC_UL320_.jpg,2
 set mini finger skateboard board deck game toy sport toy child repair tech tool diy kit kid child finger skater,https://m.media-amazon.com/images/I/41nXKmJrpbL._AC_UL320_.jpg,5
 pc cuban link chain necklace bracelet rhinestone hoop earring set bling crystal diamond hip hop jewelry woman girl,https://m.media-amazon.com/images/I/81skn7VB1VL._AC_UL320_.jpg,3
msi codex gaming desktop intel core   rtx      nvme  rgb fan cooling   gold keyboard mouse diy friendly window  pro   black,https://m.media-amazon.com/images/I/81RWuA9UR3L._AC_UL320_.jpg,3
pupteck pet playpen puppy rabbit kitten guinea pig small animal plastic indoor yard fence printed cage bottom easy assembled escape proof,https://m.media-amazon.com/images/I/61lv-8iVA6S._AC_UL320_.jpg,3
moxa inj  gigabit high power poe injector max output      pair  pair mode   operating temperature,https://m.media-amazon.com/images/I/71jhMwPqK5L._AC_UL320_.jpg,5
geyoga  piece newborn baby hat bear ear infant cap baby boy girl toddler hat infant beanie cap   month,https://m.media-amazon.com/images/I/81jlgUjDyhL._AC_UL320_.jpg,6
karebac  psa silicon carbide cloth  grit sanding disc glass  box ,https://m.media-amazon.com/images/I/711aDhVGDDL._AC_UL320_.jpg,7
prime line  socket cap screw button head hex allen drive     pack,https://m.media-amazon.com/images/I/51z1-p8Y77L._AC_UL320_.jpg,4
men warm short nylon short men gym short men athletic short ,https://m.media-amazon.com/images/I/71beWupe0yL._AC_UL320_.jpg,1
complete food sensitivity test check  different intolerance easy use home hair strand testing kit intolerance screening adult result  day,https://m.media-amazon.com/images/I/61SWLFbG+RL._AC_UL320_.jpg,5
aitee  acrylic picture frame  pack clear picture frame stand magnetic frame acrylic lucite frameless transparent cube floating gift home office desktop display horizontally vertically,https://m.media-amazon.com/images/I/713GvgVJ0mL._AC_UL320_.jpg,1
weller  solder mate solder dispenser  solder black,https://m.media-amazon.com/images/I/613bJu8rzOL._AC_UL320_.jpg,3
